tweet_id,retweet,text,source,screen_name,name,location,description,followers,following,created_at,created_at_seconds,hashtag1,hashtag2,url1,url2,mention1,mention2,lat,lon
250827029308653569,250826135393402881,@ADiBUG @CrxTno I got October 12th free wassup. give me a when and where. El Cartel on me,web,DanyDecks,GoodVibesDJBooth,In your speakers,"But I'm not a DJ

 GOOD VIBES",307,105,Thu Jul 30 20:42:29 +0000 2009,1348651198.0,,,,,ADiBUG,CrxTno,,
250827116600492032,250826931946287105,RT @denissegmr: Nada mejor que cartel de santa ‚ô°,"<a href=""http://blackberry.com/twitter"" rel=""nofollow"">Twitter for BlackBerry¬Æ</a>",iGallardini,Z√© Alejandro,"El Infierno, M√©xico",As√≠ y as√°.,303,375,Sun Feb 28 18:08:15 +0000 2010,1348651219.0,,,,,denissegmr,,,
250827134522781696,,Me &amp; my roommate tryna be apart of a drug cartel lol. Let me stop,"<a href=""http://twitter.com/download/android"" rel=""nofollow"">Twitter for Android</a>",__choccc,Mrs. Young,Bull City . ,PVT Young-Hinton's lady. (-08302k11] small town southern belle. college girl ( : future social worker. ,188,89,Tue Nov 30 23:12:56 +0000 2010,1348651223.0,,,,,,,,
250827155267792896,,Sooo once I start my cartel I'm gonna need a team... Who's down.?!,"<a href=""http://twitter.com/download/iphone"" rel=""nofollow"">Twitter for iPhone</a>",un_BRElievable_,The OPPtimist ,Where ever the money is..!!,"#TeamTheGuyz | Love @HonestlyNado_ | #HU15|  GudBull Media PR/Social Media Rep | contact gudbullmedia@gmail.com for studio time, beats, collabs, etc. ",1025,936,Wed May 11 02:45:18 +0000 2011,1348651228.0,,,,,,,,
250827320863125504,,"Mi sue√±o es ver un cartel donde aparezca los nombres de El Juli, Manzanares y un JP Sanchez o un Payo o Sergio Flores.",web,viclpzrms,‚ïöVictoro‚ïù,queretarocks!,"Amante del f√∫tbol, apasionado de la fiesta brava. Sabinero de Coraz√≥n. Aprendiz de todo, maestro en nada. #Julista #Manzanerista #Payista",296,331,Fri Feb 26 01:58:24 +0000 2010,1348651268.0,,,,,,,,
250827356921540608,,"Como buena mexicana fiel seguidora del cartel, tengo la serie completa, la veo a diario y @ManoloCardona11 ni un hola me dice en twitter :(","<a href=""http://blackberry.com/twitter"" rel=""nofollow"">Twitter for BlackBerry¬Æ</a>",aruiiz,Giga Ruiz,Villahermosa;tabasco,,11,24,Mon Mar 29 06:27:44 +0000 2010,1348651276.0,,,,,ManoloCardona11,,,
250827393734934528,,"FPI claims LPGMA, which is composed of around six firms, is a cartel, moving their prices uniformly. @interaksyon","<a href=""http://blackberry.com/twitter"" rel=""nofollow"">Twitter for BlackBerry¬Æ</a>",u1_news5,U1 A√±onuevo,Pilipinas,"Faith, Family and Beer. ",120,110,Sat Mar 17 05:51:43 +0000 2012,1348651285.0,,,,,interaksyon,,,
250827425657782272,250568506553278464,"RT @MsieurLapique: R√©ponse de l'UDI √† la main tendue de Bayrou : ""s'allier √† la droite et pas au cartel des gauches !"" - Encore seul : h ...","<a href=""http://twitter.com/download/iphone"" rel=""nofollow"">Twitter for iPhone</a>",JulienVENTRELLA,Julien VENTRELLA,Schnersheim,,33,106,Sat Jul 17 18:50:52 +0000 2010,1348651293.0,,,,,MsieurLapique,,,
250827440971194369,250824292261052416,"@Topangster creo q abus√© con mi cartel y ahora est√° bien ""lococh√≥n"" :(","<a href=""http://www.tweetdeck.com"" rel=""nofollow"">TweetDeck</a>",ppaucic,Pau Paucic,Mexico City,"Hablo espa√±ol, ingl√©s, franc√©s y gif.
",389,304,Thu Feb 26 03:27:36 +0000 2009,1348651296.0,,,,,Topangster,,,
250827472080351232,250761062473953282,"RT @tetepagano: @MilaagrosYoung jajajaja, igual falta para q se valla,lo arreglo y le pongo el cartel, si te cruso te llevo la despedida ...",web,MilaagrosYoung,Milagrosest,,Cabj ‚ô° ‚Äè ,266,165,Wed May 30 00:04:03 +0000 2012,1348651304.0,,,,,tetepagano,MilaagrosYoung,,
250827583992766464,250825604939796480,"RT @GPlatypus: #TodoVaBienHasta que te ponen un cartel que dice ""1 minute"".",web,Carrillito_wth,Fanuuzha Armstrong,,"Melodramatic fool. Don't wear underwear ;D .... Walking Disaster ‚ô•
",176,175,Wed Oct 12 01:22:28 +0000 2011,1348651330.0,TodoVaBienHasta,,,,GPlatypus,,,
250827600522510336,,Las canciones de cartel de santa me recuerdan mucho a mis amigas:P,web,kassandrahaydee,Kassandra,,,122,134,Sat Aug 25 22:26:51 +0000 2012,1348651334.0,,,,,,,,
250827608281980928,250818329441353728,"RT @1DHeechos: EXCLUSIVA: Louis sostenia hoy un cartel de ""abrazos gratis"" a las afueras del set donde est√°n grabando v√≠deos para el Tour","<a href=""http://twitter.com/download/android"" rel=""nofollow"">Twitter for Android</a>",tharapaome17,adamedrano,Peru,"belieber, Directioner , lovatic, smiler and swifty",62,260,Wed Dec 01 02:52:48 +0000 2010,1348651336.0,,,,,1DHeechos,,,
250827620474843137,250827177027854337,@SunneOrtega ¬øCartel de Santa? No s√© por que lo le√≠ con un tonito malandro.,"<a href=""http://twitter.com/download/iphone"" rel=""nofollow"">Twitter for iPhone</a>",ErickScherenber,Erick Scherenberg,,I'm the Walrus. ,114,153,Tue Jul 03 04:07:53 +0000 2012,1348651339.0,,,,,SunneOrtega,,,
250827624572665856,,Viendo chavana...esperando a que comienze mi vovela favorita...cartel de los sapos ;)..,"<a href=""http://blackberry.com/twitter"" rel=""nofollow"">Twitter for BlackBerry¬Æ</a>",cuaginita,fabiola ,,,5,57,Tue Sep 25 20:11:28 +0000 2012,1348651340.0,,,,,,,,
250827623503110144,250778723501101056,RT @SofiaVergara: La pelicula de @andreslopezl  el cartel de los sapos. Nominada por colombia a los Oscars yeiiiiiii!! No se la pierdan!!!!!,"<a href=""http://twitter.com/download/iphone"" rel=""nofollow"">Twitter for iPhone</a>",NYYLON,M√©lissa De Barres,Paris,"Juriste dipl√¥m√©e en droit public, cin√©phile , fan de de mode & de second degr√©. Paris - Val d'Oise ",74,249,Sun Apr 24 23:32:48 +0000 2011,1348651340.0,,,,,SofiaVergara,andreslopezl,,
250827729719668736,250699930530902017,RT @SerGio_DM_: @__Pablo__Pino__ @Alberto_Lucena_ @fiyantropo @Georgos_MY Aqui os dejo el cartel del Festival SuaveRock2012. http://t.co ...,"<a href=""http://twitter.com/download/android"" rel=""nofollow"">Twitter for Android</a>",Georgos_MY,Jorge Montes,,Nac√≠ una soleada noche de invierno y desde entonces todo fue a peor.,45,73,Sun Dec 11 18:56:18 +0000 2011,1348651365.0,,,http://t.co,,SerGio_DM_,__Pablo__Pino__,,
250827733473579008,250823790475481088,RT @thekidflexXx: If you didn't know The Weeknd when OVOXO- The Cartel &amp; The Syndicate came out then your not a real #weeknd fan ! I ...,"<a href=""http://twitter.com/download/android"" rel=""nofollow"">Twitter for Android</a>",Spettway15,Rated-R,"Stratford, CT",You need to love in order to live a great life.,154,175,Fri Jul 27 01:51:21 +0000 2012,1348651366.0,weeknd,,,,thekidflexXx,,,
250827767913009152,,"Leader of tha cartel, meet the head people in charge","<a href=""http://twitter.com/download/iphone"" rel=""nofollow"">Twitter for iPhone</a>",Stunna_2_Fly_35,‚úàDat_Fly_Stunna‚Ñ¢‚úà,‚úàNew Orleans ‚úàDallas,if you need a example on how to live then you just should have not been born‚Ä¶. straight up #TEAMHEAT #TEAMFOLLOWBACK #D4W #SKMG #SMU c/o 2014,1201,1097,Tue Aug 25 01:14:14 +0000 2009,1348651374.0,,,,,,,,
250827808929091585,,Cartel is such a good band.,"<a href=""http://twitter.com/download/iphone"" rel=""nofollow"">Twitter for iPhone</a>",thatflyguy0,James R. Black III ‚Ñ¢,"Indiana, Pennsylvania",#teamBRAS #teamFlannelFriday #teamFuckNickelback IUP '16,268,216,Fri Apr 06 03:59:17 +0000 2012,1348651384.0,,,,,,,,
250827828151586816,,@jazztech@kiKisLuVLoVe Les comparto el cartel del evento de Jazz http://t.co/MAN3xbJK,web,Monyka1702,Little brunette,mexico,,24,92,Fri Feb 12 20:43:14 +0000 2010,1348651389.0,,,,,,,,
250827934351376384,,I favorited a @YouTube video http://t.co/xMkR4XpJ An International Criminal Banking Cartel...How About That!,"<a href=""http://www.google.com/"" rel=""nofollow"">Google</a>",bertly71,Bert Powers,Midwest,"Hospitality industry consultant. 14 years of experience, hotel, restaurant, and bar experience.",808,1113,Tue Sep 20 02:06:04 +0000 2011,1348651414.0,,,http://t.co/xMkR4XpJ,,YouTube,,,
250827983995142144,,Haber el cartel d los sapos,"<a href=""http://blackberry.com/twitter"" rel=""nofollow"">Twitter for BlackBerry¬Æ</a>",cuagi85,Eduardo ,Tampico ,El fresita.... ;),4,60,Tue Sep 25 20:03:55 +0000 2012,1348651426.0,,,,,,,,
250828074944454656,,Milagro! Ya empezo el cartel :),"<a href=""http://blackberry.com/twitter"" rel=""nofollow"">Twitter for BlackBerry¬Æ</a>",CarloszAntrax,01/30/95/96‚ô•‚ò∫,,"Me Gusta vivir la vida, No me gusta que se pasen de verga conmigo me Gusta el alcohol cigarros las viejas, & Regalame una Gorra & una mariconera! #Soestodo‚ò∫ILY‚ô•",390,349,Tue Feb 28 17:05:38 +0000 2012,1348651447.0,,,,,,,,
250828117214646273,,@ Cartel de Los Sapos !!!!,"<a href=""http://twitter.com/#!/download/ipad"" rel=""nofollow"">Twitter for iPad</a>",kikigomezz,Enrique G√≥mez,Cancun - Mexico ,Come ON REALLY ? ProBaseball Player #53..,347,56,Tue May 18 18:51:58 +0000 2010,1348651457.0,,,,,,,,
250828119198547968,,@RUBYSOMOHANO ya va a comenzar el cartel de los sapos üò±üò±,"<a href=""http://twitter.com/download/iphone"" rel=""nofollow"">Twitter for iPhone</a>",pibeee,"L
uis Rodriguez",,,78,105,Fri Jan 15 04:15:16 +0000 2010,1348651458.0,,,,,RUBYSOMOHANO,,,
250828126505033728,,nos robaron 20 minutos del cartel,web,luismieryconcha,luis arturo mier,"√úT: 18.005551,-92.960889",apasionado de la vida.. azulcrema aferrado..gunner¬° enamorado del barcelona..amante de la buena musica.. los buenos amigos y el destino...vivir para servir,1973,1985,Sat Feb 13 01:58:22 +0000 2010,1348651460.0,,,,,,,,
250828137372454912,,Cartel meet ya connect..,"<a href=""http://twitter.com/download/iphone"" rel=""nofollow"">Twitter for iPhone</a>",iBall_hard1023,I do me,"Memphis, Tennessee",From 901 ‚úà 615 future therapist with goals of being successful #iHoop #TGOD ,389,458,Thu Sep 08 06:46:23 +0000 2011,1348651462.0,,,,,,,,
250828146377621504,,"Lo leo y no lo creo. Estoy empezando a sentir pena por la raza humana. Dejate de joder. Viven de hacerse el cartel de homo, adictos y freaks","<a href=""http://blackberry.com/twitter"" rel=""nofollow"">Twitter for BlackBerry¬Æ</a>",manuespinel,caprichio,argentina BA,tengo muchos problemas.. no me sigan.   231E946B,185,100,Mon May 17 20:40:36 +0000 2010,1348651464.0,,,,,,,,
250828170549395456,,Ya va empezar el cartel.....¬°a desvelarse,"<a href=""http://messaging.nokia.com/"" rel=""nofollow"">Social by Nokia</a>",Alvarez_Xav,xavier ,monterrey,"regio,obvio RAYADOOO,, de corazon",59,286,Sun Nov 01 04:24:00 +0000 2009,1348651470.0,,,,,,,,
250828173552545792,,Mama siempre me decia raton y queso amigos siempre son(8) CARTEL D LOS SAPOS,"<a href=""http://blackberry.com/twitter"" rel=""nofollow"">Twitter for BlackBerry¬Æ</a>",germanzuku,German AG',,La vida se vive cada dia y lo mejor es vivirla no criticar alos demas,40,191,Wed Dec 01 14:10:42 +0000 2010,1348651471.0,,,,,,,,
250828180557033472,,El cartel de los Sapos!,"<a href=""http://blackberry.com/twitter"" rel=""nofollow"">Twitter for BlackBerry¬Æ</a>",SoyUnFriikii,RomeoModerno‚Ñ¢,"Cardenas, tabasco","Dime Riichar! ,, Ex estrella porno ,, hago videos para @youtube ,, ",168,162,Tue Mar 30 19:46:52 +0000 2010,1348651473.0,,,,,,,,
250828216456077312,,El cartel de los Sapos nominadas a un oscar . Felicidades @ManoloCardona11 y todo el equipo de trabajo &lt;3,"<a href=""http://blackberry.com/twitter"" rel=""nofollow"">Twitter for BlackBerry¬Æ</a>",alelulule,Ale Diaz,New York ,Actriz / TV Host del programa  La revista semanal  / Radio Host KDM 1380 am ( 2010 -2012 ) ,61,81,Tue Dec 28 22:52:08 +0000 2010,1348651481.0,,,,,ManoloCardona11,,,
250828270747152384,,A desvelarse solo x el cartel de los sapos ‚òë,"<a href=""http://blackberry.com/twitter"" rel=""nofollow"">Twitter for BlackBerry¬Æ</a>",chapinho17,Edgar,,Vivir la vida al maximo disfrutando de lo bueno y tambien de lo malo :) pin 29CD96C1,110,377,Fri Sep 09 18:28:02 +0000 2011,1348651494.0,,,,,,,,
250828365282557953,,"Escuchando el
Cartel paranormal, esta muy bueno, pero ya me dio susto jajajaj","<a href=""http://twitter.com/download/iphone"" rel=""nofollow"">Twitter for iPhone</a>",Rubenvillarraga,Ruben Villarraga,Bogot√°,Estudiante de Pol√≠tica Y Relaciones Internacionales Universidad Sergio Arboleda. ,54,159,Thu Nov 25 17:13:38 +0000 2010,1348651517.0,,,,,,,,
250828406827134976,250810292576083969,"RT @AlvaroUribeVel: Por qu√© el Pte de Col busca alianza con mayor cartel de drogas?""Pido a las Farc que sean aliadas en la lucha contra  ...",web,karikariguaraya,Jonathan Cristofini,Caracas,,149,306,Sun Aug 23 01:11:44 +0000 2009,1348651527.0,,,,,AlvaroUribeVel,,,
250828413512851457,,"Ya empez√≥ el cartel, comper comper me voy a verlo.",web,MariDlafuente,MDLFV‚ô•,,Tengo buenas amistades y por mis cualidades pocos enemigos. S√≠gueme y te sigo y si me dejas de seguir te mato‚ô• :),603,589,Mon Mar 14 05:12:20 +0000 2011,1348651528.0,,,,,,,,
250828479006912512,,Me voy a ver el cartel de los sapos solo por ver a @ManoloCardona11  &lt;3,"<a href=""http://twitter.com/download/android"" rel=""nofollow"">Twitter for Android</a>",JohanaVinasco,Johana Vinasco,Bogot√°,,59,152,Tue Dec 13 22:03:13 +0000 2011,1348651544.0,,,,,ManoloCardona11,,,
250828486657318912,,'El Junior' describes Gulf Cartel rift during trial testimony http://t.co/xHmL7dQI #Flores,"<a href=""http://twitterfeed.com"" rel=""nofollow"">twitterfeed</a>",Monieix0,Isela Dominguez ,Guadalajara,"Me gustan mucho las flores. Mi flor favorita es mi hija preciosa, es mi motivaci√≥n para seguir adelante. Te amo princesita.",1095,2001,Mon Mar 12 04:53:31 +0000 2012,1348651546.0,Flores,,http://t.co/xHmL7dQI,,,,,
250828527186870273,,The Cartel - We On: http://t.co/o1UqPP9b via @youtube,"<a href=""http://twitter.com/tweetbutton"" rel=""nofollow"">Tweet Button</a>",DiMAKASA,CHEWE MAKASA MORRIS,ZAMBIA,"if opportunity does not knock,build a door
",22,53,Mon Nov 28 08:04:33 +0000 2011,1348651555.0,,,http://t.co/o1UqPP9b,,YouTube,,,
250828536498237440,,"I would say me but I'm startin my own lol ""@un_BRElievable_: Sooo once I start my cartel I'm gonna need a team... Who's down.?!""",web,Rom3_Geetchieee,GEETCHIE HOE ,"Chicago, Southside",(‚Ä¢Ã™‚óè)=Œµ/ÃµÕáÃøÃø/'Ãø'Ãø Ãø ÃøÃø Ãø Ãø‚Äù Twifey// #TeamFollowBackOrBeUnfollowed #TeamRealNigga #TeamStoner4Real #YOLOGang #FreeMyBros #RIPDemDeadGuys ‚ú° $___$,573,350,Tue Jan 24 02:27:52 +0000 2012,1348651557.0,,,,,un_BRElievable_,,,
250828540130512896,,@RicardoCue si estas despierto ponle en el cartel YA.! por favor jajaja,"<a href=""http://itunes.apple.com/us/app/twitter/id409789998?mt=12"" rel=""nofollow"">Twitter for Mac</a>",Angel3erto,Angel Del Castillo,Paradise City,No puedes criticar algo sin conocerlo primero..!,217,435,Fri Dec 04 01:06:05 +0000 2009,1348651558.0,,,,,RicardoCue,,,
250828546874945536,,#cartel para normal (live at http://t.co/GdbwUKBa),"<a href=""http://www.ustream.tv"" rel=""nofollow"">Ustream.TV</a>",richardandresq,richard andres ,colombia,,3,45,Fri Jan 21 01:17:48 +0000 2011,1348651560.0,cartel,,http://t.co/GdbwUKBa,,,,,
250828553229312000,250731934018318336,RT @DJMondoEntPromo: NEW VIDEO COMING SOON WIT MY HOMIE Ransom Dollars CAROLINA CARTEL /D4L,web,DJRansomDollars,DJRansomDollars #D4L,Raleigh NC / Dillon SC / ATL,Official DJ for @THATSSHAWTYLO Worked with @OJDaJuiceman32 @ItsKiddKidd @RayJ @ProjectPatHCP and More contact 919.931.4926 for mixtape hosting and Etc,24274,1133,Sun Dec 20 14:08:13 +0000 2009,1348651561.0,,,,,DJMondoEntPromo,,,
250828568509157376,250810292576083969,"RT @AlvaroUribeVel: Por qu√© el Pte de Col busca alianza con mayor cartel de drogas?""Pido a las Farc que sean aliadas en la lucha contra  ...","<a href=""http://twitter.com/download/android"" rel=""nofollow"">Twitter for Android</a>",jfduque,Juan F. Duque G.,"Medell√≠n, Colombia","Ing. electr√≥nico, geek, usuario de Linux. Me dicen el loco porque a mis 16 a√±os hice un experimento con nitr√≥geno l√≠quido y una olla a presi√≥n. Y fue un √©xito.",111,158,Wed Apr 22 05:05:49 +0000 2009,1348651565.0,,,,,AlvaroUribeVel,,,
250828568718888961,250816639921168384,RT @ELmakracachimba: Escobar el patron del mal? El capo? El cartel de los sapos la pelicula? Muchos perros si que le han sacado plata a  ...,web,Thatiana_06,Tatiana,,LIVING WITH PASSION ,18,101,Fri Sep 14 22:48:19 +0000 2012,1348651565.0,,,,,ELmakracachimba,,,
250828601069547520,250810292576083969,"RT @AlvaroUribeVel: Por qu√© el Pte de Col busca alianza con mayor cartel de drogas?""Pido a las Farc que sean aliadas en la lucha contra  ...","<a href=""http://mobile.twitter.com"" rel=""nofollow"">Mobile Web</a>",jdhr2005,juan david hurtado,Medellin,Abogado 30 a√±os juventudes uribe y fiel seguidor de su politica de seguridad democratica,10,59,Thu Aug 23 05:27:07 +0000 2012,1348651573.0,,,,,AlvaroUribeVel,,,
250828636544966657,250670378282803200,"RT @Anon_Pacifico: @Claudiospik3 El nuevo cartel preparan su caravan para ir a #Nicaragua,a traer las vas con sus millonsitos. http://t. ...",web,maritza_unam,Maritza UNAM,M√©xico,"Humanista, tolerante pero no ignorante, profeso la psicolog√≠a, irreverente ante la corrupci√≥n, admiro a los ni√±os y a la inteligencia",87,74,Mon Nov 02 01:00:29 +0000 2009,1348651581.0,Nicaragua,,,,Anon_Pacifico,Claudiospik3,,
250828679985381376,250810292576083969,"RT @AlvaroUribeVel: Por qu√© el Pte de Col busca alianza con mayor cartel de drogas?""Pido a las Farc que sean aliadas en la lucha contra  ...","<a href=""http://blackberry.com/twitter"" rel=""nofollow"">Twitter for BlackBerry¬Æ</a>",Todos_RT,De todo RT,Santo Domingo. RD ,"Los RT mas importantes del mundo. Politica, Deportes, Musica, Cine. Informacion en general.",7,30,Tue Sep 25 07:15:17 +0000 2012,1348651592.0,,,,,AlvaroUribeVel,,,
250828720150048768,,"El cartel de los sapos es la pura neta, ah√≠ se ven buenas viejas.","<a href=""http://blackberry.com/twitter"" rel=""nofollow"">Twitter for BlackBerry¬Æ</a>",queNavega,El Navegante,,‚ò∫‚òÖvoy con rumbo desconocido antes de conocer o no?‚òÄ‚òÉ‚òÜ‚ô¨,61,471,Tue Aug 28 23:43:24 +0000 2012,1348651601.0,,,,,,,,
250828722565959680,,"Julio debe tener un cartel que diga ""Soy Uke"" todos lo saben o est√° en su perfil?",web,MrBreaquer,Nyanmaru,Venezuela,La ternura e inocencia hecha realidad en una gorda criatura que devora bolas de arroz // @Breaquer ,47,35,Thu Oct 06 03:14:23 +0000 2011,1348651602.0,,,,,,,,
250828743550054400,,saludes a todos loss que estan a esta hora escuchando el cartel paranormal  (live at http://t.co/ftsb03sl),"<a href=""http://www.ustream.tv"" rel=""nofollow"">Ustream.TV</a>",Andy_Gzlz,Andy,MEDELLIN,,154,199,Wed Aug 22 15:48:56 +0000 2012,1348651607.0,,,http://t.co/ftsb03sl,,,,,
250828743092862976,250810292576083969,"RT @AlvaroUribeVel: Por qu√© el Pte de Col busca alianza con mayor cartel de drogas?""Pido a las Farc que sean aliadas en la lucha contra  ...",web,gustavobuitrag5,Gustavo Buitrago,,,0,15,Sat May 26 02:36:55 +0000 2012,1348651607.0,,,,,AlvaroUribeVel,,,
250828800307376129,,If the world's #MSM  wasn't under  complete control of #NeoLiberal #NWO #Bankster #Cartel #InvisibleEmpire #Madrid coverage wud b wall2wall,"<a href=""http://itunes.apple.com/us/app/twitter/id409789998?mt=12"" rel=""nofollow"">Twitter for Mac</a>",implowshun,Ken Lundgreen,San Francisco Tenderloin,Only into most extremely imminent dialectical resolutions to humanity's future. ... NOTICE I'll never have any contact with anyone requiring TrueTwit.,884,834,Fri May 06 09:04:56 +0000 2011,1348651620.0,MSM,NeoLiberal,,,,,,
250828803650252800,,cartel de santa que buenas rolas de reggaeton canta !!,web,TKPABLITORIVERA,PABLO URIEL RIVERA,NARNIA CON ADHIS ,"                I LOVE TAEKWONDO , soy homofobico .Protector de los animales. Y de las buenas cusas !!",283,345,Wed May 05 02:24:12 +0000 2010,1348651621.0,,,,,,,,
250828825263501312,,Ah tengo que imprimir mi cartel!!!!...que por cierto no es por nada pero me quedo muy funcional =),web,Aleinakala,Ale Velaz,,"Un poco por aqui, un poco por alla...el dise√±o en conjunto con la cultura asiatica me matan....amo esa parte de mi vida que me da mas vida....",243,206,Fri Oct 23 02:45:18 +0000 2009,1348651626.0,,,,,,,,
250828904724561921,249220326054047744,"RT @lianjuarango: La pelicula ""El Cartel de los Sapos "" en Venezuela el 19 de octubre. Miguele miguele","<a href=""http://blackberry.com/twitter"" rel=""nofollow"">Twitter for BlackBerry¬Æ</a>",chefmaribelq,mari quintero,venezuela,,29,241,Wed Mar 31 21:53:57 +0000 2010,1348651645.0,,,,,lianjuarango,,,
250828908625276928,,Eurobrico pone el cartel de ‚Äúcompleto‚Äù | Noticias de Ferreter√≠a y Bricolaje http://t.co/3pWWGEjK,"<a href=""http://twitter.com/tweetbutton"" rel=""nofollow"">Tweet Button</a>",MONESTIR2000,MONESTIR,xativa - valencia - espa√±a,"MONESTIR. Productos para limpieza y tratamiento de terracotta, m√°rmol envejecido, gres natural, piedra y mosaico hidra√∫lico.

",18,14,Wed Jan 19 15:03:53 +0000 2011,1348651646.0,,,http://t.co/3pWWGEjK,,,,,
250828920172183553,250778723501101056,RT @SofiaVergara: La pelicula de @andreslopezl  el cartel de los sapos. Nominada por colombia a los Oscars yeiiiiiii!! No se la pierdan!!!!!,web,FelizWasabi,eroach,"Los Angeles, CA",,14,101,Sun Jan 30 07:16:19 +0000 2011,1348651649.0,,,,,SofiaVergara,andreslopezl,,
250829016993497088,250828049048825856,"@walterknoxville que suene el fuego con alto riesgo, te dicen el rojo por ser sanguinario si eres sicario entrele al cartel","<a href=""http://blackberry.com/twitter"" rel=""nofollow"">Twitter for BlackBerry¬Æ</a>",diegocruzlopez,Diego CL ,,si quieres cambio verdadero pues camina distinto,62,54,Fri Jan 07 03:11:01 +0000 2011,1348651672.0,,,,,walterknoxville,,,
250829090486116353,250775875610624000,"RT @Diariodelnarco: Comunicado de ciudadanos de Nuevo Laredo para Los Zetas, Caballeros Templarios y el Cartel del Golfo: En el text...  ...",web,mrdnlprezalb,Mario P√©rez,,Never Backdown,160,208,Mon Jan 11 17:18:51 +0000 2010,1348651690.0,,,,,Diariodelnarco,,,
250829123063275520,250828800307376129,RT @implowshun: If the world's #MSM  wasn't under  complete control of #NeoLiberal #NWO #Bankster #Cartel #InvisibleEmpire #Madrid cover ...,web,canadianglen,Glen type guy,"Edmonton, Canada","Thought I found a hope, but it turned out to be a mutation of the same malady. Just have to find something truer. Maybe it doesn't exist. Yet.",943,1679,Tue Sep 07 05:32:20 +0000 2010,1348651697.0,MSM,NeoLiberal,,,implowshun,,,
250829128197099520,250726303735640064,RT @RodeaelCongreso: Cartel #Volvemos26s http://t.co/WcZscnBt,"<a href=""http://twitter.com/download/iphone"" rel=""nofollow"">Twitter for iPhone</a>",TetioBarrios,Tetio Barrios,,"cuadrista, kayakista, raider, surfer",21,41,Mon May 14 12:24:47 +0000 2012,1348651699.0,Volvemos26s,,,,RodeaelCongreso,,,
250829145246945280,,"se siente un pinche rapstar solo por que escucha cartel de santa y porta, !Hay si que miedo¬°",web,ZORG_UNO,EL ZORG,DF,"NADA ES SEGURO, TODO ES POSIBLE...",47,62,Sun Aug 07 03:19:52 +0000 2011,1348651703.0,,,,,,,,
250829166612717568,,@Alex_Dance4life como se llama el del cartel de santa que soy yo!,web,Fer_Najarro,NGPO‚ô•SFAN‚ô•,barcelona,ik hou van je rust‚ô•,48,89,Wed Aug 17 15:51:54 +0000 2011,1348651708.0,,,,,Alex_Dance4life,,,
250829206278266880,,"en cualquier momento me sale un cartel que no puedo twittear mas, por las dudas les digo hasta ma√±ana y perd√≥n por mis problemas mentales","<a href=""http://twitter.com/download/android"" rel=""nofollow"">Twitter for Android</a>",seveee17,seve,argentina neuquen,me gusta hacer reir a las personas que yo quiero,76,61,Thu Aug 23 20:55:30 +0000 2012,1348651717.0,,,,,,,,
250829220165591040,,Mames! Hoy si estara bueno el cartel :),"<a href=""http://blackberry.com/twitter"" rel=""nofollow"">Twitter for BlackBerry¬Æ</a>",CarloszAntrax,01/30/95/96‚ô•‚ò∫,,"Me Gusta vivir la vida, No me gusta que se pasen de verga conmigo me Gusta el alcohol cigarros las viejas, & Regalame una Gorra & una mariconera! #Soestodo‚ò∫ILY‚ô•",390,349,Tue Feb 28 17:05:38 +0000 2012,1348651720.0,,,,,,,,
250829224976461824,,..Todos con las manos en el aire &amp; digan: CARTEL.. 88',"<a href=""http://blackberry.com/twitter"" rel=""nofollow"">Twitter for BlackBerry¬Æ</a>",FatimaEspadasG,FŒ±—Çi–ºŒ±EspŒ±dŒ±sG'‚ô•,"yucatan,Mexico",I ‚ô• ABL :D,112,272,Tue Aug 24 16:55:38 +0000 2010,1348651722.0,,,,,,,,
250829250213601280,,Mi cartel quedo hermoso :3,"<a href=""http://twitter.com/download/iphone"" rel=""nofollow"">Twitter for iPhone</a>",Yvi_Vendrell,Yvi Vendrell,M√©xico,"The Only Person Standing In Your Way Is You..., Vendrell, Prepa 5 #NOH8",735,254,Mon Nov 16 04:22:40 +0000 2009,1348651728.0,,,,,,,,
250829271445147648,,El Cartel De Los Sapos :D,web,RobiinLandero,MeDicenChristo',,,307,486,Tue Aug 30 03:17:26 +0000 2011,1348651733.0,,,,,,,,
250829301648343040,247077541171564545,RT @EresTuitero: Soy de esas personas que siempre se equivocan con el cartel de ‚Äútire‚Äù y ‚Äúempuje‚Äù en las puertas.,"<a href=""http://twitter.com/download/iphone"" rel=""nofollow"">Twitter for iPhone</a>",Karlit_Rz,Karlita Rosado,Ecuador,mi primer amor Dios y mi familia ...amante del xocolate :D ,270,943,Sat May 22 23:39:42 +0000 2010,1348651740.0,,,,,EresTuitero,,,
250829386444578816,250828873942585344,"@shwood It boggles the mind. ""You WILL join our cartel! Your many wives will make excellent customers for the product!"" ""Never!""","<a href=""http://www.tweetdeck.com"" rel=""nofollow"">TweetDeck</a>",GordMcLeod,Gord McLeod,"Ontario, Canada","Indie author, & tech blogger for @lividlobster's @GeekBeatTV and One Man's Blog.",2955,3235,Thu Dec 25 03:48:08 +0000 2008,1348651760.0,,,,,shwood,,,
250829399740538880,,"FPI claims LPGMA, which is composed of around six firms, is a cartel, moving their prices uniformly via @u1_news5","<a href=""http://ubersocial.com"" rel=""nofollow"">UberSocial for BlackBerry</a>",interaksyon,InterAksyon,Philippines,"InterAksyon is the online news portal of TV5. 
Please like and friend InterAksyon New Media on Facebook. ",13736,1015,Tue Jan 25 11:24:31 +0000 2011,1348651763.0,,,,,u1_news5,,,
250829442572767232,,The banking cartel are akin to the infamous Chicago mob.... Bleeding countries dry!!!!,"<a href=""http://www.twitter.com"" rel=""nofollow"">Twitter for Windows Phone</a>",namulekwa,Patricia Nabatanzi,London,,97,97,Tue Apr 05 17:27:28 +0000 2011,1348651773.0,,,,,,,,
250829450281885696,250829206278266880,"RT @seveee17: en cualquier momento me sale un cartel que no puedo twittear mas, por las dudas les digo hasta ma√±ana y perd√≥n por mis pro ...",web,camiloSuarezA,camilo suarez,neuquen,,90,88,Fri Aug 20 01:14:12 +0000 2010,1348651775.0,,,,,seveee17,,,
250829483194601472,,"Ptm, no puedo ver el cartel de los sapos.","<a href=""http://blackberry.com/twitter"" rel=""nofollow"">Twitter for BlackBerry¬Æ</a>",CaarlosGoizueta,‚Üë G–æizu—îœÑŒ±‚Ñ¢‚Üì ,,Me sigue mac miller ¬øLo demas que? #MostDope I never take a day off. #BestDayEver 3,328,341,Wed Apr 27 21:39:29 +0000 2011,1348651783.0,,,,,,,,
250829493801996290,,Viendo el cartel por d√©cima vez üòÅ @ManoloCardona11,"<a href=""http://twitter.com/download/iphone"" rel=""nofollow"">Twitter for iPhone</a>",krlaaleon,KARLA,Hermosillo Sonora,#BELIEVE ,234,310,Wed Sep 22 07:14:28 +0000 2010,1348651786.0,,,,,ManoloCardona11,,,
250829524017754112,250778723501101056,RT @SofiaVergara: La pelicula de @andreslopezl  el cartel de los sapos. Nominada por colombia a los Oscars yeiiiiiii!! No se la pierdan!!!!!,"<a href=""http://twitter.com/download/android"" rel=""nofollow"">Twitter for Android</a>",acosta_cary,Cary Acosta,,I'm Hunter Too Follow me and I'll Follow Back :-D,44,59,Wed Aug 22 03:21:31 +0000 2012,1348651793.0,,,,,SofiaVergara,andreslopezl,,
250829569769218048,250829042541010944,@anaciinthia ahh dificl!! Voy a ver el cartel de los sapos!! Y no creo k mis ojos aguanten pa hacer stadistica!!,"<a href=""http://blackberry.com/twitter"" rel=""nofollow"">Twitter for BlackBerry¬Æ</a>",karlosaragon58,CARLOS ARAGON,,"Charro y jugador de FBA, fracturado de la cadera y rodilla pro mi pasion es el americano y la charreria, por eso perdi un dedo!!!!",96,284,Tue May 18 01:35:35 +0000 2010,1348651804.0,,,,,anaciinthia,,,
250829595278983168,,"#MaldadesQuehice bueno pegarle un cartel en la espalda a un profesor diciendo ""soy tarado"" es lo menos malo creo...",web,Fer_ext,F ‚òõ e ‚òú r‚òùE ‚òû x‚òü t ‚òö,Argentina - Buenos Aires,#BocaJuniors #LosLideres #FollowBack #SeguimeYTeSigo Loading... ‚ñà‚ñà‚ñà‚ñà‚ñà‚ñà‚ñà‚ñà‚ñà‚ñà‚ñà‚ñà‚ñà‚ñà] 99%,1647,1711,Tue Sep 06 21:55:42 +0000 2011,1348651810.0,MaldadesQuehice,,,,,,,
250829618737729536,250828588281131008,@MagaaBazan ese cartel lo que es una obra de arte #YOhice :'),"<a href=""http://twitter.com/download/android"" rel=""nofollow"">Twitter for Android</a>",Ara_Belen,Ara Benitez ‚ô•,Paraguay,"Soy feliz, disfruto de la vida al m√°ximoo! :D",159,301,Wed Nov 16 20:50:08 +0000 2011,1348651815.0,YOhice,,,,MagaaBazan,,,
250829665160286208,250829206278266880,@seveee17 tenes un cartel que te dice eso? O.o Jajaja,"<a href=""http://dickson-apps.blogspot.com"" rel=""nofollow"">Tweetian</a>",frankiurrutia,franco urrutia,,,34,48,Wed Aug 22 13:35:45 +0000 2012,1348651827.0,,,,,seveee17,,,
250829680947650561,250827808929091585,RT @thatflyguy0: Cartel is such a good band.,"<a href=""http://twitter.com/download/iphone"" rel=""nofollow"">Twitter for iPhone</a>",iHearttBoobies,Travis Robinson,717,My names Travis. I tweet a lot. Family and god comes first. I love snapbacks and sneakers. That's all you need to know ‚úå #TeamJustine,772,769,Fri Jan 28 21:50:33 +0000 2011,1348651830.0,,,,,thatflyguy0,,,
250829698026852352,,Police Arrest Gun Running Cartel http://t.co/d9qkGP8C,"<a href=""http://blackberry.com/twitter"" rel=""nofollow"">Twitter for BlackBerry¬Æ</a>",NewsBytesNow,News Bytes,News Where You Are!,"Fresh, Authentic, Robust Breaking News From All Over.......! PIN 26DC6F2F; 288E8105; 29651E47 @newsbytesnow @newsbytesalert",2931,451,Sun Jan 08 06:31:32 +0000 2012,1348651834.0,,,http://t.co/d9qkGP8C,,,,,
250829709066244096,250829119376461824,@EmilioHijar Llevame Un cartel que diga Go Devils #2,"<a href=""http://blackberry.com/twitter"" rel=""nofollow"">Twitter for BlackBerry¬Æ</a>",stefanymrno,Stefani P. Moreno,,Best .. ,254,176,Fri Mar 30 07:13:54 +0000 2012,1348651837.0,,,,,EmilioHijar,,,
250829714606915585,,"@ManoloCardona11 Cuando se estrena ""el cartel de los sapos"" aqu√≠ en M√©xico mi rey?","<a href=""http://twitter.com/download/iphone"" rel=""nofollow"">Twitter for iPhone</a>",marloonpingu,Eduardo Dzagoev,,Si tan solo pudieras obsequiarme tu sonrisa me volveria un dragon para protegerte a ti 3,164,280,Tue Apr 19 05:43:41 +0000 2011,1348651838.0,,,,,ManoloCardona11,,,
250829801345122304,250813576372183040,@CarteLdeLaMega esto esta buenisimo saludos pa todo el cartel de la mega pues te escuchamo en Ipiales Nari√±o Colombia,"<a href=""http://messaging.nokia.com/"" rel=""nofollow"">Social by Nokia</a>",diazdiomedes86,diomedes diaz,ipiales narino,me gusta ser alegre descomplicado muy entusiasta pero sobre todo respetuoso con las mujeres,3,11,Thu Sep 20 13:26:22 +0000 2012,1348651859.0,,,,,CarteLdeLaMega,,,
250829873277435904,250726303735640064,RT @RodeaelCongreso: Cartel #Volvemos26s http://t.co/WcZscnBt,"<a href=""http://blackberry.com/twitter"" rel=""nofollow"">Twitter for BlackBerry¬Æ</a>",aniidrp,Ani ON Fire,En la parra,Nacida por el co√±o la Virgen.,59,68,Sat Apr 16 09:19:32 +0000 2011,1348651876.0,Volvemos26s,,,,RodeaelCongreso,,,
250829880269348865,250767203899695104,RT @gotayautentiko: En el cartel con @_Musicologo @menesnazza @bennybenni,web,orlllando,JOSUE MUSICOLOGO,ARGENTINA,"#PRESIDENTE DEL FANS CLUB GOTAY EL AUTENTIKO EN ARGENTINA  @FcAutentiko_Arg...
#PRESIDENTE DEL FANS CLUB DE DADDY YANKEE, EN JUNIN BS AS ARGENTINA @DymfcJunin.",91,328,Wed May 12 05:07:50 +0000 2010,1348651878.0,,,,,gotayautentiko,_musicologo,,
250829921876836352,,Meek Mills Music Make Me Wanna Hit The Block nd Sell Drugs Or Join The Cartel!!!!!,"<a href=""http://levelupstudio.com/plume"" rel=""nofollow"">Plume¬†for¬†Android</a>",JamNOJelly_,Munchkinnnn.,.In The Candy Sto w. Yo Hoe ‚ô°,"Made In NewOrleans Shipped To Atlanta
 

#RIPKB && #RIPJAI #RIPMIKE",668,589,Wed Oct 20 22:12:21 +0000 2010,1348651888.0,,,,,,,,
250829925081300993,219024430360313856,"RT @LuchoRunner: Disculpe, sabe usted d√≥nde encontrar a la felicidad? // S√≠, claro... justo abajo de aquel cartel que dice LLEGADA. #Run ...","<a href=""http://twitter.com/download/iphone"" rel=""nofollow"">Twitter for iPhone</a>",RunnersTampico,RUNNERS TAMPICO,,Correr es un placer.....FUEEEGOOOO!!!,9,35,Thu Sep 13 04:04:28 +0000 2012,1348651888.0,Run,,,,LuchoRunner,,,
250829930189950976,250829698026852352,RT @NewsBytesNow: Police Arrest Gun Running Cartel http://t.co/d9qkGP8C,"<a href=""http://blackberry.com/twitter"" rel=""nofollow"">Twitter for BlackBerry¬Æ</a>",Eriqueena_eri,#teamscorpio_Ilaugh,"Lagos, Nigeria.","I ‚ôèscorpio//Eriqueena is so sweet,caring,lovable and accomodating. FYI: That doesn't mean I'm stupid",50,131,Fri Apr 13 11:51:16 +0000 2012,1348651890.0,,,http://t.co/d9qkGP8C,,NewsBytesNow,,,
250829939748773888,250827737730777088,@WillMcQuaig are you going to Cartel Sunday?,"<a href=""http://twitter.com/download/android"" rel=""nofollow"">Twitter for Android</a>",tttaco_13,joshua gomez,covington,"If I flip a coin, what are the chances of me getting head?",228,152,Wed Apr 08 15:13:34 +0000 2009,1348651892.0,,,,,WillMcQuaig,,,
250829938805063680,,"¬øPlanes para el 29 de Septiembre? Ven a la Concentraci√≥n de Motos en Tudela del Ebro. Te adjunto el cartel.
AN√çMATE http://t.co/cmH3OKuJ","<a href=""http://twitter.com/download/iphone"" rel=""nofollow"">Twitter for iPhone</a>",MCPlasencia,MotoClub PLASENCIA,Plasencia,Somos un grupo de entusiastas que cabalgamos nuestras motos  y que organizamos y asistimos a eventos de todo tipo relacionado con el mundo de mototurismo.,18,65,Sat Sep 08 10:06:32 +0000 2012,1348651892.0,,,,,,,,
250829964583239680,,Llamativo ver alg√∫n cartel en hebreo en comercios de Rodas. Que la tele en habitaci√≥n del hotel tenga 3 canales israel√≠es ya es demasiado.,"<a href=""http://mobile.twitter.com"" rel=""nofollow"">Mobile Web</a>",RubenB612,Ruben RTB612,"Jerusalem, Israel",Graduado de la Universidad Hebrea en Literatura General y en Comunicacion y Periodismo. Estudio para guia turistico. Hobby: opinologo.,197,184,Wed Dec 10 19:13:42 +0000 2008,1348651898.0,,,,,,,,
250830048511279104,250429391568506880,RT @Diprieto: Ojala se estrene r√°pido ‚ÄúEl Cartel de los sapos‚Äù para borrar esa imagen de Manolo Cardona vestido de naranja cantando Post ...,"<a href=""http://blackberry.com/twitter"" rel=""nofollow"">Twitter for BlackBerry¬Æ</a>",AmyGarciaG,G. Gomez,Bogota ,"Pessoas Inteligentes Falam De Id√©Ias, Pessoas Med√≠Ocres Falam De Pessoas",39,110,Thu May 27 18:06:31 +0000 2010,1348651918.0,,,,,Diprieto,,,
250830069507948546,250815124242300928,RT @Nicoledraschko: @AgusPorro es beneficianteq la escuche gente q no lo hace por moda. no como vos q de un dia para el otro sos puro ca ...,web,AggusLedesma,Agus T√≠n ,,La vida sin problemas es matar el tiempo a lo bobo,335,286,Sat Jan 28 00:11:44 +0000 2012,1348651923.0,,,,,Nicoledraschko,AgusPorro,,
250830069986099201,250827393734934528,"RT @u1_news5: FPI claims LPGMA, which is composed of around six firms, is a cartel, moving their prices uniformly. @interaksyon","<a href=""http://roundteam.co"" rel=""nofollow"">RoundTeam</a>",BreakingPH,Breaking News PH,Philippines,Breaking news alerts from the Philippines from hundreds of sources 24 hours a day. Get more on BreakingNews.com,734,1,Thu Aug 16 17:19:40 +0000 2012,1348651923.0,,,,,u1_news5,interaksyon,,
250830081788887040,250829082613403648,@_Maro their not beefing w the myans right now. Their muling myan coke for the cartel. I don't know I think their prob Gemmas mans not sure,"<a href=""http://twitter.com/download/iphone"" rel=""nofollow"">Twitter for iPhone</a>",g_mariee,Gianna ,,It's about love. It's about compassion. It's about kindness and faith. It has nothing to do with luck. You get what you give. So give good. ,79,192,Mon Feb 23 16:56:03 +0000 2009,1348651926.0,,,,,_Maro,,,
250830092123660288,250829665160286208,"@frankiurrutia solo a los rompe bolas como yo nos sale ese cartel, ya has twitteado mucho o algo as√≠, continua en unas horas","<a href=""http://twitter.com/download/android"" rel=""nofollow"">Twitter for Android</a>",seveee17,seve,argentina neuquen,me gusta hacer reir a las personas que yo quiero,76,61,Thu Aug 23 20:55:30 +0000 2012,1348651928.0,,,,,frankiurrutia,,,
250830109529997312,,Que buen cartel... yo dir√≠a DEJATE SEDUCIR BAILANDO.... ;) http://t.co/0Q4zXWN9,"<a href=""http://www.facebook.com/twitter"" rel=""nofollow"">Facebook</a>",salontropicana,Salon Tropicana,"Plaza Garibaldi, Mexico DF","El mejor lugar para bailar Salsa, Cumbia y merengue en M√©xico.
siguenos en 
www.nochesdeltropicana.com
www.justin.tv/salontropicana
",20,31,Wed Mar 16 03:06:44 +0000 2011,1348651932.0,,,http://t.co/0Q4zXWN9,,,,,
250830119097233409,250799505329512448,"RT @HELIODOPTERO: Hijos de Uribe abrazados con Wilmer P√©rez, jefe del cartel del Golfo de Morrosquillo, cuando √©ste les hizo un homenaje ...","<a href=""http://tapbots.com/tweetbot"" rel=""nofollow"">Tweetbot for iOS</a>",SpeedGio,Ô£ø Soichiro,Funky Town,"No tengo nada para dar. Ya lo que di, nunca me lo devolvieron. Amante de la exageraci√≥n, c√≥mo forma de humor.",198,192,Fri Jul 03 04:19:32 +0000 2009,1348651935.0,,,,,HELIODOPTERO,,,
250830152399978497,250829206278266880,"RT @seveee17: en cualquier momento me sale un cartel que no puedo twittear mas, por las dudas les digo hasta ma√±ana y perd√≥n por mis pro ...",web,Skinnyloveeeee,camiii silvera!,,tengo que tener raices antes de ramas para saber quien soy y asi descubrir quien llegare a ser~,133,190,Fri Oct 22 20:39:04 +0000 2010,1348651943.0,,,,,seveee17,,,
250830181135167488,250778723501101056,RT @SofiaVergara: La pelicula de @andreslopezl  el cartel de los sapos. Nominada por colombia a los Oscars yeiiiiiii!! No se la pierdan!!!!!,"<a href=""http://twitter.com/download/iphone"" rel=""nofollow"">Twitter for iPhone</a>",AlexanderPabell,AlexanderPabello,,,1,22,Thu Jul 05 09:23:48 +0000 2012,1348651950.0,,,,,SofiaVergara,andreslopezl,,
250830187279839232,,"¬øPlanes para el 30 de Septiembre? Ven a la Concentraci√≥n de Motos en Dan Rafael Segovia. Te adjunto el cartel.
AN√çMATE http://t.co/n7UhMRSY","<a href=""http://twitter.com/download/iphone"" rel=""nofollow"">Twitter for iPhone</a>",MCPlasencia,MotoClub PLASENCIA,Plasencia,Somos un grupo de entusiastas que cabalgamos nuestras motos  y que organizamos y asistimos a eventos de todo tipo relacionado con el mundo de mototurismo.,18,65,Sat Sep 08 10:06:32 +0000 2012,1348651951.0,,,,,,,,
250830245345771521,,Se ve Tentador el Cartel del Maquinaria Fest Ehhh...,web,MarioReyesZ,Mario Reyes,Ixtapa Guerrero mexico,"amante de la musica de @enjambremusic Desde 2009 *Vive Latino 2009*, the strokes e indie en gral. Estudiante, + 1.80.",215,611,Sun Mar 28 06:31:47 +0000 2010,1348651965.0,,,,,,,,
250830273867022338,250829921876836352,RT @JamNOJelly_: Meek Mills Music Make Me Wanna Hit The Block nd Sell Drugs Or Join The Cartel!!!!!,"<a href=""http://twitter.com/download/android"" rel=""nofollow"">Twitter for Android</a>",TonyTonyBaby,TonyWitDaBands FCity,#FinexicoCity Makin Plays,Pent House Full Of Money. Still Made Room For #MeAndMyHoes. Do The Math Im #10Playa.Follow My BF's @foreverr_xvi @xx_filthyrichx & @ibang_pretty,357,304,Tue Jun 12 07:37:18 +0000 2012,1348651972.0,,,,,JamNOJelly_,,,
250830283237126144,250829704574164992,@jachirc Jajajajajaja veo el cartel de lo de patin que dice scooby y m tiento sola  sis,web,VirGalliano,Vir Galliano,,Creeria que no conoci ser viviente mas copa2 que Solcha y Me!! // @luulapaz es mi religion,86,74,Tue Jul 31 18:00:52 +0000 2012,1348651974.0,,,,,jachirc,,,
250830312064573440,250649834250448896,"@Nathi1Morales El viernes como que vamos a ver el estreno del cartel de los sapos, t√∫ dir√°s :)","<a href=""http://twitter.com/tweetbutton"" rel=""nofollow"">Tweet Button</a>",ealthonllanos,ealthon llanos,,,33,64,Fri Jul 23 20:17:33 +0000 2010,1348651981.0,,,,,Nathi1Morales,,,
250830319303938048,,Nuestros compa√±eros de Veracruz nos env√≠an este Cartel.... COMPARTE SI ERES ESTUDIANTE Y ETIQUETA A TUS COMPA√ëEROS http://t.co/9MfZfNiB,"<a href=""http://www.facebook.com/twitter"" rel=""nofollow"">Facebook</a>",Yosoy_132Cancun,Yosoy132Cancun,"Cancun, Quintana Roo",¬øQuieres marcar la historia de M√©xico?El objetivo de este movimiento (#YoSoy132) es dejar de lado lo que nos hace diferentes y exaltar lo que nos une,1556,647,Mon May 28 02:41:24 +0000 2012,1348651982.0,,,http://t.co/9MfZfNiB,,,,,
250830480860139520,,"Fui dormir , ao som de Cartel mcs - Mural","<a href=""http://mobile.twitter.com"" rel=""nofollow"">Mobile Web</a>",LuccasTp,Luccas Tepedino,Leme RJ,"'' Nenhum sonho √© grande demais , o c√©u √© o limite ''",93,48,Thu Mar 22 04:11:32 +0000 2012,1348652021.0,,,,,,,,
250830492935524354,,RT implowshun: If the world's #MSM wasn't under complete control of #NeoLiberal #NWO #Bankster #Cartel #InvisibleEmp... http://t.co/HjyuYiYI,"<a href=""http://ifttt.com"" rel=""nofollow"">IFTTT</a>",nwohashtag,#New World Order,Global,24hrs a Day this account monitors the internet for all news on the New World Order. Use #nwo to be tweeted here. @Follow for instant updates. RT please.,8585,6323,Thu Feb 10 11:55:20 +0000 2011,1348652024.0,MSM,NeoLiberal,http://t.co/HjyuYiYI,,,,,
250830496815267840,,El cartel de los sapos..!!,"<a href=""http://ubersocial.com"" rel=""nofollow"">UberSocial for Android</a>",SerchsCastillo,Ôª±ergio  Ôªç.  ‚ò™astillo,Villahermosa Tabasco,"Lic. En Mercadotecnia, Con un caracter fuerte para enfrentar lo que la vida me tiene preparado. ¬°Yo no vengo a ver si puedo, sino por que puedo vengo!",165,270,Wed May 19 20:29:15 +0000 2010,1348652025.0,,,,,,,,
250830507259080705,,Con la pinche lluvia se va el pinche SKY y no puedo ver el Cartel de los Sapos :@,web,AlissonBautist,Al«êsson D'al ·É¶.,Cancun,Nuevedecadames‚ô•.,137,113,Thu May 17 21:07:17 +0000 2012,1348652027.0,,,,,,,,
250830529698619392,,Cartel de los saposüòá,"<a href=""http://twitter.com/download/iphone"" rel=""nofollow"">Twitter for iPhone</a>",jhonnyvazquezz,jhonny vazquez ,,,102,106,Tue Jul 10 03:17:28 +0000 2012,1348652033.0,,,,,,,,
250830581632466944,,"haters will broadcast yo failure, but whisper yo suCCEss, i dont care cartier cartel fucc da rest #suCCEss",web,YungMobCCE,Mr. PipesGood,Ohio,"up and comin rapper tryna get money...simple. raised in greenwich village, dayton,oh wanna know more get at me follow me ill follow back 
#suCCEss",14,57,Sun Jul 22 03:30:33 +0000 2012,1348652045.0,suCCEss,,,,,,,
250830634778497024,,Ven una novela como el cartel o el patron del mal y ya andan hablando como colombianos,"<a href=""http://blackberry.com/twitter"" rel=""nofollow"">Twitter for BlackBerry¬Æ</a>",XL_Mutz,Mario Mutz,Por ahi,,257,247,Mon Jan 18 01:46:09 +0000 2010,1348652058.0,,,,,,,,
250830664541278208,250830507259080705,RT @AlissonBautist: Con la pinche lluvia se va el pinche SKY y no puedo ver el Cartel de los Sapos :@,web,Geerardo_CG,Gerardo'Garcia ,cancun,Santos es el mejor lml y Mi #M.A Es Yaret corona lml Y la quiero Mucho *---*,120,115,Tue Jun 12 05:39:56 +0000 2012,1348652065.0,,,,,AlissonBautist,,,
250830744748957696,,Escuchando Martes Paranormal Con el Cartel,web,JuniorOrozcoC,Radio is my life„ÉÑ,,"Estudiante de locucion para radio y tv.
Soy full chevre amante de la buena musica y de las mujeres:)
La humildad y sencilles te hace grande no lo olvides‚ô•",662,168,Tue Aug 16 14:51:46 +0000 2011,1348652084.0,,,,,,,,
250830748733558784,250773768128053248,"@aida_maldo Te digo una frase de LWWY, haces un cartel, te haces una foto con el cartel y me la mandas :)","<a href=""http://twitter.com/download/android"" rel=""nofollow"">Twitter for Android</a>",Bea_Martiinez, Bea ‚àû LWWY,Valencia,14. Love VLC. Directioner ~Doy followback~ Fecha de fabricaci√≥n: 17-7-98/Me encanta Pulseras Rojas/ No te gusto? No me sigas. Love LWWY‚àû,784,1075,Thu Mar 01 21:30:25 +0000 2012,1348652085.0,,,,,aida_maldo,,,
250830792132026368,,Ultimo cartel de publicidad de la Gandh√≠ en base a estad√≠sticas de Mitofsky @OlmedoPato @taller2006 @Hungareo GENIAL: http://t.co/5TvWCg5I,web,gus_rabanovich,Gustavo Navarro,M√©xico,La imaginaci√≥n es mas importante que el conocimiento. Matem√°tico y Amante de la libertad,571,41,Tue Mar 20 23:11:02 +0000 2012,1348652096.0,,,,,OlmedoPato,taller2006,,
250830921425641473,,El cartel de los sapos;$,web,___Jemr,Cojoculo&corro,,Sabes TEAMO Eres super ESPECIAL para MI TEADORO lo eres todo para MI eres mi mundo gracias X ser parte de mi vida TEAMO‚ô• 06‚ô•02‚ô•2012 By_Tu Novia @AlmelisCarolina,130,77,Sat Jan 28 15:22:13 +0000 2012,1348652126.0,,,,,,,,
250830920549036032,,@CarteLdeLaMega ola  amigos del cartel de la mega hay les dejo un saludito y una foto mia para q me  piensen http://t.co/fHJ5hPnt,web,orozcobarreto,orozco barreto,,ola a todos.siganmen aki en mi twitter busko amistades de lindo corazon y sentimientos q sean rrespetuosos ok? :),5,12,Fri Jun 01 07:12:27 +0000 2012,1348652126.0,,,,,CarteLdeLaMega,,,
250830944808890368,250640990422069248,"RT @Oscarzuve: No hay nada m√°s sensual que escuchar  a tu novia cantar ""Cartel de Santa""üòâ @kardaley","<a href=""http://blackberry.com/twitter"" rel=""nofollow"">Twitter for BlackBerry¬Æ</a>",kardaley,Karen Daley,,"He aprendido a perder, eh visto una ni√±a que es madre y a un hombre que es mujer.",142,152,Fri Sep 09 15:57:34 +0000 2011,1348652132.0,,,,,Oscarzuve,kardaley,,
250830976261951489,250830390149926912,@ana_echeverria si jaja pero sigue siendo chevere va a rescatarlas a Usa jaja n cambio patrodm es todo d verdad con el cartel de medellin,"<a href=""http://blackberry.com/twitter"" rel=""nofollow"">Twitter for BlackBerry¬Æ</a>",wilfridokano,Wilfrido Kano,,Pin: 20F8CE1E,149,173,Fri Jan 07 22:00:49 +0000 2011,1348652139.0,,,,,ana_echeverria,,,
250830977805451265,,Police Arrest Gun Running Cartel http://t.co/pOK785U2,"<a href=""http://www.facebook.com/twitter"" rel=""nofollow"">Facebook</a>",ibro_bunu2520,Third World News,AbuJa,Working toward a greater Nigeria and Africa at large!,338,333,Thu Sep 01 06:30:15 +0000 2011,1348652139.0,,,http://t.co/pOK785U2,,,,,
250830983610396672,,"Por Fin! :) RT @NoticiasCaracol ‚ÄúEl cartel de los sapos‚Äù, desde este viernes en salas de cine. Este es el tr√°iler http://t.co/i9EbeqBZ",web,Izaskun,Izaskun Herrojo,,,47,243,Mon Oct 06 22:38:57 +0000 2008,1348652141.0,,,http://t.co/i9EbeqBZ,,NoticiasCaracol,,,
250831128427130881,,Un cartel de lujo para las nueve √∫ltimas citas del ciclo √çntimoAc√∫stico: JANE JOYD. http://t.co/OwQBN9h4 v√≠a @elcorreogallego,"<a href=""http://twitter.com/tweetbutton"" rel=""nofollow"">Tweet Button</a>",iwannamanagemen,I Wanna Management,Ferrol- Madrid,"Management y contrataci√≥n de Los Coronas, Jane Joyd, Corizonas,The Bright, Los Imposibles, Silvia Superstar & Los Fabulosos,  Sex Museum, Brighton 64",1516,1140,Sun Mar 13 07:40:34 +0000 2011,1348652175.0,,,http://t.co/OwQBN9h4,,elcorreogallego,,,
250831212875227137,,Cartel Boss Retaliates with Murder https://t.co/FdgO9IOf #spon,"<a href=""http://twitter.com/tweetbutton"" rel=""nofollow"">Tweet Button</a>",keydopepromo,kenney onyero,,,843,2003,Tue Mar 06 09:12:35 +0000 2012,1348652196.0,spon,,https://t.co/FdgO9IOf,,,,,
250831246131871744,,"Forgot how amazing Cartel's ""A"" is.","<a href=""http://twitter.com/download/iphone"" rel=""nofollow"">Twitter for iPhone</a>",posttrotter,Rebecca Brown,,,58,51,Wed Feb 25 16:31:51 +0000 2009,1348652203.0,,,,,,,,
250831356370747394,250830931198357504,@luiisOrtiz23 @JesusBaezaa JAJAJAJAJAJAAJAJAAJAJAAJAJAJJA rl cartel de los cancer,web,RobiinLandero,MeDicenChristo',,,306,486,Tue Aug 30 03:17:26 +0000 2011,1348652230.0,,,,,luiisOrtiz23,JesusBaezaa,,
250831440407851009,250823427672383489,@Jacob_Trace old school Cartel! Yes!,"<a href=""http://twitter.com/download/iphone"" rel=""nofollow"">Twitter for iPhone</a>",JaredwMitchell,Jared MItchell,,,334,224,Sat Feb 07 05:11:31 +0000 2009,1348652250.0,,,,,Jacob_Trace,,,
250831476923461632,,"Cartel Sunday, be there or be gay.","<a href=""http://twitter.com/download/iphone"" rel=""nofollow"">Twitter for iPhone</a>",acriswell12,Austin Criswell,,,5,22,Tue Sep 20 06:56:49 +0000 2011,1348652258.0,,,,,,,,
250831519495626753,,If the cartel hit a nigga up I swear I'm going full on chinese on them muh fukkuhs,"<a href=""http://twitter.com/download/android"" rel=""nofollow"">Twitter for Android</a>",LeosThatNigga,Leo Gonzales,"Sacramento,CA",,81,131,Wed Aug 17 01:42:15 +0000 2011,1348652269.0,,,,,,,,
250831527800344577,,Golpe de Efecto llega con su nuevo cartel en castellano: El cineasta Clint Eastwood llegar√° con su pr√≥xima produ... http://t.co/HStouJQ6,"<a href=""http://twitterfeed.com"" rel=""nofollow"">twitterfeed</a>",rsanz79,Raul Sanz,Madrid,"Noticias sobre Inform√°tica, Cine, M√∫sica, Pel√≠culas, etc..",81,38,Fri Jul 30 07:20:26 +0000 2010,1348652271.0,,,http://t.co/HStouJQ6,,,,,
250831529515839489,,Golpe de Efecto llega con su nuevo cartel en castellano: El cineasta Clint Eastwood llegar√° con su pr√≥xima produ... http://t.co/C4YV6KTC,"<a href=""http://twitterfeed.com"" rel=""nofollow"">twitterfeed</a>",BlurayVenezuela,Bluray Lecheria,Lecheria Venezuela,Somos Computienda. La Mejor y m√°s Completa Tienda de Bluray de Oriente. Av. Ppal de Lecher√≠a. Centro Comercial Mar Pacifico. Piso 2 Lecher√≠a. Anzo√°tegui. ,843,847,Sun Apr 11 16:01:53 +0000 2010,1348652271.0,,,http://t.co/C4YV6KTC,,,,,
250831531172577280,,Golpe de Efecto llega con su nuevo cartel en castellano: El cineasta Clint Eastwood llegar√° con su pr√≥xima produ... http://t.co/uj5uWTxL,"<a href=""http://twitterfeed.com"" rel=""nofollow"">twitterfeed</a>",AndresMarkez,Andr√©s M√°rquez ,Venezuela ,"Estudiante de Medicina en LUZ. Aqu√≠ se habla mucho de deportes y de cine. Andy Murray Fan, Real Madrid, Benzema.",414,879,Sat Oct 31 14:47:25 +0000 2009,1348652271.0,,,http://t.co/uj5uWTxL,,,,,
250831531822698497,,Golpe de Efecto llega con su nuevo cartel en castellano: El cineasta Clint Eastwood llegar√° ... http://t.co/Scl6gWkF #peliculas noticias,"<a href=""http://twitterfeed.com"" rel=""nofollow"">twitterfeed</a>",verypelicula,Very Pelicula,,Informate sobre las pelicuas,304,1581,Sat Jul 09 22:30:26 +0000 2011,1348652272.0,peliculas,,http://t.co/Scl6gWkF,,,,,
250831537254301697,250696692331057152,RT @RobinsonDiazU: El cartel se estrena en M√©xico el 11 de enero de 2013 !guey!,"<a href=""http://twitter.com/download/android"" rel=""nofollow"">Twitter for Android</a>",ShikizPuka,Evelin Cruz Montalvo,"Veracruz, Mexico",Soy Maestra de Educacion Primaria Y Mi Ideal Es Ke La Vida Es Kolor De Rosa,9,101,Tue Apr 13 19:16:58 +0000 2010,1348652273.0,,,,,RobinsonDiazU,,,
250831551955345408,,¬øRecuerdan mi tarea de la semana pasada? ¬øSi? Pues es el boceto final &amp; ahora ser√° un bello cartel :) http://t.co/XQwDVpNB,web,i_smileyouu,L a u c h',,"Reir, Cantar, Jugar, Comer, Gritar, Experimentar, Hablar, Brincar, Conocer, Caer, Levantarte, Bailar, Dibujar, Dise√±ar: ¬°V I V I R! ",246,114,Mon Jan 18 05:13:54 +0000 2010,1348652277.0,,,,,,,,
250831587560783872,250813576372183040,@carteldelamega. me podrian dar el numero del cartel de la mega,"<a href=""http://mobile.twitter.com"" rel=""nofollow"">Mobile Web</a>",shamuelgarcia,shamuel,Cali colombia,Soy un bisexual en busca de amistad,4,16,Wed Jul 11 07:36:20 +0000 2012,1348652285.0,,,,,CarteLdeLaMega,,,
250831681546747904,,#cartel para normal yo tampoco la e visto (live at http://t.co/GdbwUKBa),"<a href=""http://www.ustream.tv"" rel=""nofollow"">Ustream.TV</a>",richardandresq,richard andres ,colombia,,3,46,Fri Jan 21 01:17:48 +0000 2011,1348652307.0,cartel,,http://t.co/GdbwUKBa,,,,,
250831681915863040,,He marcado como favorito un v√≠deo de @YouTube (http://t.co/8ov3Ah69 - subele a la greibol - cartel de santa [letra]).,"<a href=""http://www.google.com/"" rel=""nofollow"">Google</a>",rusthok,Jorge Adri√°n Garc√≠a,Colima,"Orgullosamente nini desde 6/08/12. #SAP.
Aun creo en las personas. Vivo en un sue√±o, vivo muy alto. #junkie. #Existencialista.",287,857,Fri Aug 27 21:44:31 +0000 2010,1348652307.0,,,http://t.co/8ov3Ah69,,YouTube,,,
250831733023469569,,la repetici√≥n del cartel ya no la dan en colombia? (live at http://t.co/OjynUP5h),"<a href=""http://www.ustream.tv"" rel=""nofollow"">Ustream.TV</a>",JACOL56,jeison,colombia,,4,10,Wed Jun 01 04:36:20 +0000 2011,1348652320.0,,,http://t.co/OjynUP5h,,,,,
250831835725189120,250716416976752642,"RT @ocupaelcongreso: Ma√±ana a las 19:00h al Congreso! A la misma hora hay manifa por una huelga general, con final en Neptuno http://t.c ...","<a href=""http://twitter.com/download/android"" rel=""nofollow"">Twitter for Android</a>",squidwaaard,Squidward,Bikini Bottom,"Caer est√° permitido, levantarse es obligario.",57,37,Sat May 21 19:26:04 +0000 2011,1348652344.0,,,,,ocupaelcongreso,,,
250831927324602368,,gracias por el cartel @Kar012 @Brandymtz @bufa_fut @r93_esteban @crazy_green94 @luiis_eb @yessica_lpz @ClauSalas5 @BenjaP_93 @feernaava,"<a href=""http://twitter.com/download/iphone"" rel=""nofollow"">Twitter for iPhone</a>",Eldudusin,G√°ndara,,,58,125,Fri Jan 13 17:52:27 +0000 2012,1348652366.0,,,,,Kar012,Brandymtz,,
250831963416576000,,#cartel para normal yo duermo con espejo en mi piesa y nunca me  ha pasado eso ni nada (live at http://t.co/GdbwUKBa),"<a href=""http://www.ustream.tv"" rel=""nofollow"">Ustream.TV</a>",richardandresq,richard andres ,colombia,,3,46,Fri Jan 21 01:17:48 +0000 2011,1348652374.0,cartel,,http://t.co/GdbwUKBa,,,,,
250831977924665345,250810791937314816,RT @Protocanibal: @sarcasmocorp el problema es ver al cartel de la indignaci√≥n jugando al revisionismo historico.,"<a href=""http://twitter.com/#!/download/ipad"" rel=""nofollow"">Twitter for iPad</a>",GodoyGDan,Daniel Godoy G√≥mez.,"Maastricht, NL.",Finanzas. Emprendimiento. Pereira/Bogot√°. Uniandes. C72. Zumma. ,128,468,Thu Apr 28 20:31:33 +0000 2011,1348652378.0,,,,,Protocanibal,sarcasmocorp,,
250832014893260801,235588134866391040,"RT @ManoloCardona11: ""@valeriasantosb: El cartel de los sapos la pelicula. Pronto en cines. http://t.co/ko3wzRxs"" El 28 de septiembre en ...",web,jorgiux87,jorge ernesto ,san francisco de campeche,me gusta el REGGAETON (#delagheto #jowellYrandy #wisinYyandel #arcangel #donOmar #daddyyankee #babyrastaYgringo y etc) y soy #AMERICANISTA @cf_america,355,1756,Wed Feb 24 09:26:13 +0000 2010,1348652387.0,,,http://t.co/ko3wzRxs,,ManoloCardona11,valeriasantosb,,
250832021876781056,250828308521046016,@juannn93 a player on USA from Kearny made a Colombian player score an own goal &amp; he got killed for it bc the cartel where placin bets,"<a href=""http://twitter.com/download/iphone"" rel=""nofollow"">Twitter for iPhone</a>",yerrluc,Luciano Sanchez,Jersey;,,239,410,Fri Oct 30 21:57:23 +0000 2009,1348652388.0,,,,,juannn93,,,
250832070409076737,250830319303938048,RT @Yosoy_132Cancun: Nuestros compa√±eros de Veracruz nos env√≠an este Cartel.... COMPARTE SI ERES ESTUDIANTE Y ETIQUETA A TUS COMPA√ëEROS  ...,"<a href=""http://twitter.com/download/iphone"" rel=""nofollow"">Twitter for iPhone</a>",KhabirBoy,Khabir Boy,Mexico,"Lic. Negocios Internacionales... Chavo de lo mas normal, divertido aprendiendo todo y de todos. ",677,2002,Fri Nov 20 04:29:44 +0000 2009,1348652400.0,,,,,Yosoy_132Cancun,,,
250832105968390144,250810292576083969,"RT @AlvaroUribeVel: Por qu√© el Pte de Col busca alianza con mayor cartel de drogas?""Pido a las Farc que sean aliadas en la lucha contra  ...","<a href=""http://blackberry.com/twitter"" rel=""nofollow"">Twitter for BlackBerry¬Æ</a>",makudo10,Oscar Pedroza,Bogota,,33,104,Sat Aug 15 17:46:50 +0000 2009,1348652408.0,,,,,AlvaroUribeVel,,,
250832222444220418,,#UnaNocheDeLadilla Un cannabis sativa de cartel d Santa.,"<a href=""http://blackberry.com/twitter"" rel=""nofollow"">Twitter for BlackBerry¬Æ</a>",J17Merry,Marielys Ara,,#Skrillex. lml ,7,34,Wed Jul 18 01:06:49 +0000 2012,1348652436.0,UnaNocheDeLadilla,,,,,,,
250832254220267520,250808011138924545,RT @DNripcord: Checa @DanielleMarbec  ;) http://t.co/ewcM1O3S,"<a href=""http://twitter.com/download/android"" rel=""nofollow"">Twitter for Android</a>",DanielleMarbec,Danielle ,New New York ,Music art music art music art music art music art!!,80,81,Sun Jul 24 22:59:45 +0000 2011,1348652444.0,,,http://t.co/ewcM1O3S,,DNripcord,DanielleMarbec,,
250832316014931968,,@ManoloCardona11 Por favor traerte la pel√≠cula de el cartel de los sapos a M√©xico üôè por favor http://t.co/AnbpYUIY,"<a href=""http://twitter.com/download/iphone"" rel=""nofollow"">Twitter for iPhone</a>",trebolandia,Uriel Guzm√°n,mty,Clover .... La suerte soy yo!camarografo de  Tv Azteca noreste ,203,298,Thu Nov 19 06:09:31 +0000 2009,1348652459.0,,,,,ManoloCardona11,,,
250832389859848192,,"Comunicado de ciudadanos de Nuevo Laredo para Los Zetas, Caballeros Templarios y el Cartel del Golfo http://t.co/ujO2rRVs","<a href=""http://www.facebook.com/twitter"" rel=""nofollow"">Facebook</a>",DJDeleuze,miguel romera,espa√±a,"Buscando (a√∫n) a Lupita, estoy redactando una tesis de Filosof√≠a pura y el a√±o que viene ya se ver√°, como el Atl√©tico de Madrid. Nos vemos en una juerga. Orale",566,1975,Wed Feb 17 20:00:41 +0000 2010,1348652476.0,,,http://t.co/ujO2rRVs,,,,,
250832399112491008,250831927324602368,RT @Eldudusin: gracias por el cartel @Kar012 @Brandymtz @bufa_fut @r93_esteban @crazy_green94 @luiis_eb @yessica_lpz @ClauSalas5 @BenjaP ...,"<a href=""http://blackberry.com/twitter"" rel=""nofollow"">Twitter for BlackBerry¬Æ</a>",yessica_lpz,Yess Lpz‚ô°‚Äé‚àû,mexico,,114,142,Fri Jun 10 22:38:35 +0000 2011,1348652478.0,,,,,Eldudusin,Kar012,,
250832407039729664,247394412051714049,RT @GRayoVictor: Me manda un amigo este cartel visto en un establecimiento en Soria. http://t.co/9JCOFEvX,"<a href=""http://blackberry.com/twitter"" rel=""nofollow"">Twitter for BlackBerry¬Æ</a>",Naxo767,Nacho Arregui,madrid,Central/mediocentro del San Agust√≠n. Solo se vive una vez.                 ,211,384,Wed Sep 08 11:09:49 +0000 2010,1348652480.0,,,,,GRayoVictor,,,
250832685252108288,,Hoy en el #eshow el #clinicseo con un cartel de superlujo #imperdible,"<a href=""http://www.tweetdeck.com"" rel=""nofollow"">TweetDeck</a>",seoito,Antonio Gonzalez,"Barcelona, Spain",CEO en Marco Estil -  En Internet desde que salio - Experto en marketing on-line - Profesor en el Master de SEO de la Kschool,1657,970,Tue Aug 31 08:10:05 +0000 2010,1348652547.0,eshow,clinicseo,,,,,,
250832685264674816,,"traigo un cartel de ""cupido"" pegado en la frente","<a href=""http://mobile.twitter.com"" rel=""nofollow"">Mobile Web</a>",DanRojanoH,Daniela Rojano H,"Puebla, Mexico","Estudio medicina, me encantan los deportes y estoy loca ;)... pumas/steelers fan... jugadora @SocialSoccerClu",254,221,Fri Jun 25 03:17:19 +0000 2010,1348652547.0,,,,,,,,
250832695469424640,250778723501101056,RT @SofiaVergara: La pelicula de @andreslopezl  el cartel de los sapos. Nominada por colombia a los Oscars yeiiiiiii!! No se la pierdan!!!!!,"<a href=""http://twitter.com/download/android"" rel=""nofollow"">Twitter for Android</a>",MariaCaroMunoz, Carolina Mu√±oz A,"√úT: -2.165777,-79.912323","Colombiana de nacimiento, Guayaquile√±a de corazon! Marketera y publicista. Amo a los animales. Me encanta la playa. Me fascina la moda. Adoro viajar.",187,591,Fri Apr 24 20:07:09 +0000 2009,1348652549.0,,,,,SofiaVergara,andreslopezl,,
250832774087446528,,Y POR FIN VI UN CARTEL ANUNCIANDO ESTA PELICULA!!!: http://t.co/ehuBSmED,web,Youngclau,Claudio C S,"Lima, Per√∫","Estudiante de Periodismo Deportivo en ISIL. F√∫tbol, tenis, anime y m√∫sica instrumental. Viajar por el mundo es mi deseo",205,729,Sat Mar 19 21:29:20 +0000 2011,1348652568.0,,,http://t.co/ehuBSmED,,,,,
250832793184108545,,#cartel para normal yo la otra ves cuando me acostava a dormir cuando serava los hojos sentia un peso (live at http://t.co/GdbwUKBa),"<a href=""http://www.ustream.tv"" rel=""nofollow"">Ustream.TV</a>",richardandresq,richard andres ,colombia,,3,46,Fri Jan 21 01:17:48 +0000 2011,1348652572.0,cartel,,http://t.co/GdbwUKBa,,,,,
250832816454119424,250828616705912832,RT @imaginaBTR15: ODIO A LOS DE SEGUIDAD NO ME DEJARON ENTRAR CON MI CARTEL Y LO TIRE KAKSK TANTO QUE ME LLEVE HACI√âNDOLO :(,web,JazzWatson,LIMIT MIERDA ‚Ä†,Tomando la mano de Kendall..‚ô•,"16. Camin√© en la playa con James, Cont√© las Estrellas con Kendall, Bail√© Lento con Logan y Tom√© Fotos con Carlos‚ô•/ Kathy Schmidt me dese√≥ un feliz cumplea√±os(':",962,1504,Tue Mar 30 18:07:35 +0000 2010,1348652578.0,,,,,imaginaBTR15,,,
250832862939602944,,MATARON A SAMUEL DEL CARTEL DE LOS SAPOS :( (@TAMARIINDOO live on http://t.co/zqGfqbsI),"<a href=""http://twitcam.livestream.com"" rel=""nofollow"">Livestream Twitcam</a>",deliajimenez6,Yeya Jimenez ‚úå,,233FE468 / nadie es monedita de oro ah y amo a @BetoSierra_ ‚ù§,273,359,Sun Nov 06 02:10:54 +0000 2011,1348652589.0,,,http://t.co/zqGfqbsI,,TAMARIINDOO,,,
250832893092458496,,Golpe de Efecto llega con su nuevo cartel en castellano http://t.co/POKi5ktH,"<a href=""http://dlvr.it"" rel=""nofollow"">dlvr.it</a>",INTEGRA_ESPECTA,INTEGRA ESPECTACULOS,M√©xico,Lo Mejor En Espectaculos,2681,2967,Fri Mar 11 22:43:38 +0000 2011,1348652596.0,,,http://t.co/POKi5ktH,,,,,
250832923660537856,,"¬øCu√°ntos de los grupos que integran el cartel del ""Maquinaria Fest"" est√°n en su segundo o tercer aire? Creo que eso lo dice todo.","<a href=""http://www.tweetdeck.com"" rel=""nofollow"">TweetDeck</a>",DJConchayToro,alexcastro,DF,Atenci√≥n a Clientes en @lapoplife ,252,273,Fri Feb 03 21:30:39 +0000 2012,1348652603.0,,,,,,,,
250832990312210433,250832582986567680,@JuanBretes no vi ese tweet jajajaja en la del cartel de los sapos jajjaa y no no me ca√≠ste mal!! No seas huecoso jaja,"<a href=""http://twitter.com/download/iphone"" rel=""nofollow"">Twitter for iPhone</a>",Outside502,OutSide 502,Guatemala City,Mostramos la cara bonita de Guatemala al Mundo / fotografia- graphic desing- web design- social media management,3251,2874,Wed Mar 23 18:49:37 +0000 2011,1348652619.0,,,,,JuanBretes,,,
250833050282385408,,(Esperando el cartel... ) (Esperando el cartel... )  (Esperando el cartel... ),web,ietheline,Etheline Valencia,El Salvador,¬øComo vas a saber lo que es tocar el cielo si jam√°s hiciste un grand jete? ,185,336,Fri Apr 15 23:53:00 +0000 2011,1348652634.0,,,,,,,,
250833054128541696,,"El primer cartel de lo que ser√°: Los pitufos 2‚Äô (‚ÄòThe Smurfs 2‚Äô), que se estrena el 31 de julio, en 2D y 3D http://t.co/QFlbo5Eu",web,Blueboy10,Blue,Ciudad de la eterna primavera,"De las cosas que digo, las m√°s bellas, bonitas y sinceras son las que digo sin pensar.",5222,4970,Fri Jun 04 09:53:38 +0000 2010,1348652635.0,,,,,,,,
250833062882050049,250810292576083969,"RT @AlvaroUribeVel: Por qu√© el Pte de Col busca alianza con mayor cartel de drogas?""Pido a las Farc que sean aliadas en la lucha contra  ...","<a href=""http://blackberry.com/twitter"" rel=""nofollow"">Twitter for BlackBerry¬Æ</a>",RafaelLacouture,Rafael Lacouture,,"Vallenato, Diomedista y Juniorista",118,364,Mon Aug 02 03:54:14 +0000 2010,1348652637.0,,,,,AlvaroUribeVel,,,
250833066988298240,250832412622344192,"@sunderwest Seeing as you've got my back, there's this drug cartel that owes me a VERY large sum of jelly beans...care to collect?",web,GrayGirvan,Gray Girvan,Hell,A man walks in to a bar. He then proceeds to have a fantastic night he will remember for the rest of his life. ,29,102,Tue Feb 07 05:34:45 +0000 2012,1348652638.0,,,,,sunderwest,,,
250833074424799232,,"Soy de esas personas que siempre se equivocan con el cartel de ‚Äútire‚Äù y ‚Äúempuje‚Äù en las puertas.""","<a href=""http://twitter.com/download/android"" rel=""nofollow"">Twitter for Android</a>",sander_04_sk8,alexander moreno,,"15 a√±os- nah poe :P
solo dame Follow y te doy Follow Back :p",274,301,Sun Oct 10 03:33:36 +0000 2010,1348652639.0,,,,,,,,
250833091902439424,,"llegar al aeropuerto y ver a mi mam√°, mis herman@s y @AdrianaBaronio  con un cartel , fue in√©dito :)",web,Rnato18,Renato Ramirez,"Lima, per√∫","I study in @UdelPacifico. I practice Skate and Surf.I play battery and guitar. When words fail, music speaks.
http://www.facebook.com/Sebastian1811  ",50,28,Mon Feb 15 00:55:57 +0000 2010,1348652644.0,,,,,AdrianaBaronio,,,
250833094913949696,250810292576083969,"RT @AlvaroUribeVel: Por qu√© el Pte de Col busca alianza con mayor cartel de drogas?""Pido a las Farc que sean aliadas en la lucha contra  ...","<a href=""http://blackberry.com/twitter"" rel=""nofollow"">Twitter for BlackBerry¬Æ</a>",dygschez,diego sanchez ofici,bogota- colombia ,#estudiante #contadorpublico adicto a twitter #rumbero. TL no apto para sensibles   bbpin 27BFEC45,350,992,Thu Jul 30 01:48:20 +0000 2009,1348652644.0,,,,,AlvaroUribeVel,,,
250833097434750976,,http://t.co/fn0YbWIY,"<a href=""http://twitter.com/download/android"" rel=""nofollow"">Twitter for Android</a>",MBrookinsIII,Nicky-Marzette,"Atlanta,Ga.","I am CEO of NickyMarzette Entertainment/nickymarzett@gmail.com /facebook/nicky.marzette.7...Be true to thyself,cause God searches the deep!!!",146,850,Sun Aug 19 19:30:21 +0000 2012,1348652645.0,,,http://t.co/fn0YbWIY,,,,,
250833122881585152,250605126132305920,RT @Anita_1909: @florso @ranaaguilera @Aldolr @6Tafoya6 noo fecha y cartel los vi en el twitter de  @castabravamx  brava jeje,web,castabravamx,Casta Brava,Puebla,,1446,263,Sat Jan 22 18:21:22 +0000 2011,1348652651.0,,,,,Anita_1909,florso,,
250833278418952192,250830449260257282,"@josuefish No se ve muy bien el cartel, mejor enderezalo. Intent√° agregarle un poco m√°s, o qu√© se yo.",web,KirbyAteMyDog,Weva,El Repollo del pensamiento.,"Soy esa clase de Canguro que se rehus√≥ a portar guantes de box y pelear. 
La vida en Amarillo.

http://ask.fm/KirbyAteMyDog",170,157,Sun Oct 04 17:39:49 +0000 2009,1348652688.0,,,,,josuefish,,,
250833313600794624,250810292576083969,"RT @AlvaroUribeVel: Por qu√© el Pte de Col busca alianza con mayor cartel de drogas?""Pido a las Farc que sean aliadas en la lucha contra  ...",web,Cbasduiza,Cbastian tibaduiza,"bucaramanga, colombia",,25,139,Sun Apr 17 00:06:29 +0000 2011,1348652696.0,,,,,AlvaroUribeVel,,,
250833362095321088,249685337750769664,RT @YosefMel: RT @LARAPOLITICA: Los Capos del Cartel de Medellin y el de Los NarcoSoles IMAGEN http://t.co/jlSiOPIi,web,capitanmalibu,capitanmalibu,,Unidos derrotaremos a Chavezelputrefacto,745,1586,Sun May 02 20:27:05 +0000 2010,1348652708.0,,,,,YosefMel,LARAPOLITICA,,
250833557767995393,,Esta buenisimo el cartel.,"<a href=""http://blackberry.com/twitter"" rel=""nofollow"">Twitter for BlackBerry¬Æ</a>",galaduarte_,Galish.,,Keep calm and follow me bitch. Yo solo quiero ser como Dobby un elfo libre.,610,407,Fri Sep 24 23:46:59 +0000 2010,1348652755.0,,,,,,,,
250833667805564928,,#SeriesQueNoMamanGallo El cartel de los sapos.,"<a href=""http://blackberry.com/twitter"" rel=""nofollow"">Twitter for BlackBerry¬Æ</a>",CesarGalindoRG,CeesarGaalindo‚ô£,,Lo siento soy feliz sin ti... ,980,431,Sun Jun 19 05:24:28 +0000 2011,1348652781.0,SeriesQueNoMamanGallo,,,,,,,
250833721056448512,250778723501101056,RT @SofiaVergara: La pelicula de @andreslopezl  el cartel de los sapos. Nominada por colombia a los Oscars yeiiiiiii!! No se la pierdan!!!!!,"<a href=""http://twitter.com/download/iphone"" rel=""nofollow"">Twitter for iPhone</a>",woody_san,Jose Ulloa,Quito-Ecuador,Estudiante egresado Ingenieria Civil de la PUCE,68,150,Thu Jan 06 16:12:14 +0000 2011,1348652794.0,,,,,SofiaVergara,andreslopezl,,
250833744355815424,250802374271172608,"RT @EmanuelMorganti: Ver un cartel que diga ""Tire/Empuje"" y que se te ponga la mente en blanco","<a href=""http://blackberry.com/twitter"" rel=""nofollow"">Twitter for BlackBerry¬Æ</a>",InmaPastorP,Inma Pastor,Badajoz,"16. Cada persona tiene asignado un destino, no todos deciden perseguirlo. Por suerte, yo si. ",215,150,Thu Sep 29 15:28:11 +0000 2011,1348652799.0,,,,,EmanuelMorganti,,,
250833760310919168,,Han puesto un cartel enorme de Lana del Rey al lado de mi casa. Ha sido verlo y acordarme de @itsMrsFillion,"<a href=""http://blackberry.com/twitter"" rel=""nofollow"">Twitter for BlackBerry¬Æ</a>",LifeisBeckett,I'm Jess Day.,Broadway.,"Vivo en el Olimpo con @emilydeschanel, @Stana_Katic y @msleamichele | Adicta a las series de TV | Shipper compulsiva | @NereaKatic is the Stana to my Beckett ‚ô•",394,558,Thu Apr 12 16:33:21 +0000 2012,1348652803.0,,,,,itsMrsFillion,,,
250833827876966400,,"llegar al aeropuerto y ver a mi mam√°, mis herman@s y @AdrianaBaronio con un cartel , fue in√©dito :)",web,Rnato18,Renato Ramirez,"Lima, per√∫","I study in @UdelPacifico. I practice Skate and Surf.I play battery and guitar. When words fail, music speaks.
http://www.facebook.com/Sebastian1811  ",50,28,Mon Feb 15 00:55:57 +0000 2010,1348652819.0,,,,,AdrianaBaronio,,,
250833829588258816,250818329441353728,"RT @1DHeechos: EXCLUSIVA: Louis sostenia hoy un cartel de ""abrazos gratis"" a las afueras del set donde est√°n grabando v√≠deos para el Tour","<a href=""http://twitter.com/download/iphone"" rel=""nofollow"">Twitter for iPhone</a>",_soto_lesley,lesley soto,londres,"The best dream are, when I meet @onedirection. Make your dreams come true!3",60,251,Tue Dec 27 02:38:55 +0000 2011,1348652819.0,,,,,1DHeechos,,,
250833841772720129,,El cartel &lt;3,"<a href=""http://twitter.com/download/iphone"" rel=""nofollow"">Twitter for iPhone</a>",_VictorMaldonad,VM.,"Culiacan,sinaloa",..,147,191,Sat Sep 03 04:46:56 +0000 2011,1348652822.0,,,,,,,,
250833975176744960,250772983373783040,RT @CartelRoasters: We now have #mokapot #stovetop available for #singleorigin at @cartelroasters invented by #  @ Coffee Cartel http:// ...,"<a href=""http://twitter.com/download/android"" rel=""nofollow"">Twitter for Android</a>",reedburg,William Reed,Queenscliff,,5,7,Fri Mar 27 13:52:18 +0000 2009,1348652854.0,mokapot,stovetop,,,CartelRoasters,CartelRoasters,,
250833988472680448,,que ya salga la del cartel en el cine para ver al guapote de @ManoloCardona11  bn grandoteee haha,web,sofia_sanchez,sofia sanchez,,"Estudio dise√±o gr√°fico, No tomo ni fumo, Deportista, Amo el chocolate‚ù§",807,139,Wed Jan 13 05:35:22 +0000 2010,1348652857.0,,,,,ManoloCardona11,,,
250834036954628096,,the world would be a better place if everyone sang the Kooks and Cartel with me.,web,issa_e12,Issa Esmeirat,California,*insert overused song lyrics*,52,65,Sun Feb 21 21:02:01 +0000 2010,1348652869.0,,,,,,,,
250834038603001856,,@_RobertoCabrera quien va a hacer el cartel?,web,Toon_erickR,Erick Reyes,Guatemala,"Viviendo en un sue√±o dentro de otro mas grande, futuro estudiante de Medicina en la USAC :D",96,95,Thu May 20 04:17:55 +0000 2010,1348652869.0,,,,,_RobertoCabrera,,,
250834057905192960,250728543863070720,"RT @NiallSpanish: EXCLUSIVA: Louis sostenia hoy un cartel de ""abrazos gratis"" a las afueras del set donde est√°n grabando v√≠deos para el  ...",web,GabyHoran16,LiveWhileWereYoung ‚ô•,,"@ONEDIRECTION THE BEST ‚ô• @Louis_Tomlinson follow me ‚ô• @NiallOfficial @Harry_Styles @Real_Liam_Payne @zaynmalik FOLLOW ME! :D 
vivo en NARNIA !",741,1991,Tue Mar 15 18:53:50 +0000 2011,1348652874.0,,,,,NiallSpanish,,,
250834104055123968,,"Quien no busco la camarita de un local de comercio y sonrio cuando vio el cartel ''Sonria, los estamos filmando''","<a href=""http://blackberry.com/twitter"" rel=""nofollow"">Twitter for BlackBerry¬Æ</a>",SebasMonsalva,Sebastian  Monsalva,Argentina - San Luis,"Sebastian Monsalva. 21 a√±os. 
‚Ä¢ ABOGADO EN POTENCIA. ‚Ä¢ Hincha de #RiverPlate ‚ô• ‚Ä¢ Fundamentalista ‚Ä¢ Iusnaturalista ‚Ä¢ Contemporaneo // Pin BBM: 2313F6BE",483,635,Wed Nov 11 17:40:12 +0000 2009,1348652885.0,,,,,,,,
250834120194789376,250810292576083969,"RT @AlvaroUribeVel: Por qu√© el Pte de Col busca alianza con mayor cartel de drogas?""Pido a las Farc que sean aliadas en la lucha contra  ...",web,ofervi,ORLANDO FERNANDEZ,medellin - colombia,"PINTOR -CRITICO DE ARTE - Y SEGUIDOR DE LAS TESIS URIBISTAS POR UNA COLOMBIA CON SEGURIDAD DEMOCRATICA, LIBERTAD Y ORDEN JURIDICO.",42,120,Thu Jul 08 00:18:21 +0000 2010,1348652889.0,,,,,AlvaroUribeVel,,,
250834232589557761,250832923660537856,"RT @DJConchayToro: ¬øCu√°ntos de los grupos que integran el cartel del ""Maquinaria Fest"" est√°n en su segundo o tercer aire? Creo que eso l ...",web,KharSuicide,"‚Ä¢ Karla, con K ‚Ä¢","D.F., M√©xico.",Tuve que elegir entre la arrogancia honesta y la humildad hip√≥crita. Eleg√≠ lo primero y no he visto raz√≥n para cambiar.,392,291,Sat Aug 15 17:55:33 +0000 2009,1348652915.0,,,,,DJConchayToro,,,
250834240386777088,250818329441353728,"RT @1DHeechos: EXCLUSIVA: Louis sostenia hoy un cartel de ""abrazos gratis"" a las afueras del set donde est√°n grabando v√≠deos para el Tour","<a href=""http://mobile.twitter.com"" rel=""nofollow"">Mobile Web</a>",danielaivonn,Daniela Styles,,@NiallOfficial ‚ô• @Harry_Styles ‚ô•  @Real_Liam_Payne ‚ô• @zaynmalik ‚ô•  @Louis_Tomlinson ‚ô• Amo a estos chicos ‚ô• :)xx ,112,194,Sat Oct 01 03:34:19 +0000 2011,1348652917.0,,,,,1DHeechos,,,
250834325283680256,,Se adelanta una semana las @AJSalamanga al 6 de octubre.El cartel es de Laura Avila http://t.co/O6AETJNP,web,calistina_KZ,calistina,Barcelona,RRPP de @koukyou_zen; friki y orgullosa ^^,76,86,Sun Jan 16 17:05:11 +0000 2011,1348652938.0,,,http://t.co/O6AETJNP,,AJSalamanga,,,
250834352450199552,,"Oye ¬øC√≥mo muri√≥ tu amigo? ‚Äî¬øHas visto el cartel de: ""Reja el√©ctrica, no tocar, alto voltaje"" de la empresa? ‚ÄîS√≠. ‚ÄîLo mataron en frente.","<a href=""http://blackberry.com/twitter"" rel=""nofollow"">Twitter for BlackBerry¬Æ</a>",chatialuna,Daniela Luna,,"Escribir es como besar, pero sin labios. Escribir es besar con la mente.",151,124,Thu May 24 23:33:32 +0000 2012,1348652944.0,,,,,,,,
250834391524327424,,Best opening to a film ever: guy in alien armor taking down a small drug cartel! #TheGuyver2,"<a href=""http://twitter.com/download/android"" rel=""nofollow"">Twitter for Android</a>",SynthReBorn,Devin Daimaru,Florida,"Asian Geek Enthusiast(Video Games, Anime, Manga, Technology)",42,96,Mon May 11 14:58:16 +0000 2009,1348652953.0,TheGuyver2,,,,,,,
250834426077016065,,No es un poco macabro un cartel que diga: escucha! 50% en aud√≠fonos!?,"<a href=""http://blackberry.com/twitter"" rel=""nofollow"">Twitter for BlackBerry¬Æ</a>",angelatravs,√Ångela trav√©,,,154,103,Wed Sep 07 14:32:11 +0000 2011,1348652962.0,,,,,,,,
250834439289049088,,Escuchando el Cartel Paranormal,"<a href=""http://messaging.nokia.com/"" rel=""nofollow"">Social by Nokia</a>",NathaliaaDeKR,‚ô• NO TE ENAMORES .|.,,"Natalia Caicedo Face: https://www.facebook.com/AgregaOSuscribetePrideeeNat Locamente enamorada de @KEVINROLDAN , #KRManiaca, Hincha fiel de SANTA  FE‚ô•",524,339,Tue Mar 15 04:59:18 +0000 2011,1348652965.0,,,,,,,,
250834453570650112,250834104055123968,"RT @SebasMonsalva: Quien no busco la camarita de un local de comercio y sonrio cuando vio el cartel ''Sonria, los estamos filmando''","<a href=""http://mobile.twitter.com"" rel=""nofollow"">Mobile Web</a>",GabrielaVidela,Gabriela Videla,San Luis,es un misterio hermoso lo de flotar en la nada .,134,276,Fri Aug 13 18:55:34 +0000 2010,1348652968.0,,,,,SebasMonsalva,,,
250834472008835072,,"Listening to Cartel, All Time Low, Hellogoodbye, Sherwood. Ah the awful music we used to listen to it","<a href=""http://itunes.apple.com/us/app/twitter/id409789998?mt=12"" rel=""nofollow"">Twitter for Mac</a>",TBenner10,Tyler benner,landisville,I am a caucasian living in Lancaster Pa. I am in a band called Symphony Of Sound. Ya dig? ,114,165,Fri Sep 18 02:07:32 +0000 2009,1348652973.0,,,,,,,,
250834516200001536,250810292576083969,"RT @AlvaroUribeVel: Por qu√© el Pte de Col busca alianza con mayor cartel de drogas?""Pido a las Farc que sean aliadas en la lucha contra  ...","<a href=""http://blackberry.com/twitter"" rel=""nofollow"">Twitter for BlackBerry¬Æ</a>",alejo_0213, Alejandro hernandez,Colombia,,2,131,Mon Oct 24 04:16:54 +0000 2011,1348652983.0,,,,,AlvaroUribeVel,,,
250834540115918848,,@StacksCartel happpppppyyyyy Birthhhhdaaaayyyyy teddyyy graham cartel lol üíõüíôüíúüíö‚ù§ .,"<a href=""http://tweetlogix.com"" rel=""nofollow"">Tweetlogix</a>",kamohmeal,C a r m e l . ,sandbawx .,"SteelerNation‚ú®


Carmel Giovani Singleton . 
Yes it's my real name . 
Bitch .
‚úä



",652,475,Sat Oct 17 04:01:36 +0000 2009,1348652989.0,,,,,StacksCartel,,,
250834554288496640,,Fumando y tomando vino intenta darce valor para ganarse unos mangos con su cartel de ladron pibee chorrooo,"<a href=""http://blackberry.com/twitter"" rel=""nofollow"">Twitter for BlackBerry¬Æ</a>",jesusarmandoo,JesusArmando,,,36,135,Sun Apr 15 18:47:43 +0000 2012,1348652992.0,,,,,,,,
